JournalTitle,ISSN,JournalLink,FakeJournalLink,Publisher,Indexing,Reason,JournalType
"Jisuanji Jicheng Zhizao Xitong/Computer Integrated Manufacturing Systems, CIMS",1006-5911,http://www.cims-journal.cn/CN/1006-5911/home.shtml,http://cims-journal.com/index.php/CN,Beijing Advanced Manufacturing Technology Consultation Center,CiteScore 1.7/Q3,,Fake
"Jisuanji Jicheng Zhizao Xitong/Computer Integrated Manufacturing Systems, CIMS",1006-5911,http://www.cims-journal.cn/CN/1006-5911/home.shtml,http://cims-journal.com/index.php/CN,Beijing Advanced Manufacturing Technology Consultation Center,CiteScore 1.7/Q3,,Fake
China Petroleum Processing and Petrochemical Technology,1008-6234,http://www.chinarefining.com/EN/1008-6234/home.shtml,http://www.zgsyjgysyhgjs.cn/index.php/reric/index.html,CHINA PETROLEUM PROCESSING &amp; PETROCHEMICAL TECHNOLOGY PRESS,#,,Fake
Scandinavian Journal of Information Systems,0905-0167 1901-0990,https://aisel.aisnet.org/sjis/,http://sjis.scandinavian-iris.org/index.php/sjis/index,"Department of Mathematics and Computer Science, Institute of Electronic Systems, University of Aalborg",CiteScore 0.9/Q4,,Fake
Changjiang Liuyu Ziyuan Yu Huanjing/Resources and Environment in the Yangtze Valley,1004-8227,#,https://www.clzyhreyv-10048227.com/,Science Press,CiteScore 1.1/Q3,,Fake
Scientific Culture,2408-0071 2407-9529,https://sci-cult.com/aims-scope/,https://www.scientific-culture.com/index.php/sc/about,Henan University,CiteScore 1.3/Q1,,Fake
International Neurourology Journal,2093-4777 2093-6931,https://einj.org/,http://einj.net/index.php/INJ,Korean Association of Medical Journal Editors,CiteScore 4.5/Q2,,Fake
Gorteria,0017-2294,https://www.nationaalherbarium.nl/gorteriaweb/,https://gorteria.nationaalherbarium.com/index.html,NATL HERBARIUM NEDERLAND,WoS (ESCI),,Fake
Yantu Lixue/Rock and Soil Mechanics,1000-7598,http://ytlx.whrsm.ac.cn/EN/1000-7598/home.shtml,http://rockandsoilmechanics.com/,SCIENCE PRESS,CiteScore 3.0/Q2,,Fake
Bulletin of National Institute of Health Sciences,1343-4292,#,https://www.healthsciencesbulletin.com/,National Institute of Health Sciences,_,,Fake
Community Practitioners,1462-2815,https://www.communitypractitioner.co.uk/,https://commprac.com/,Community Practitioners And Health Visitors Association,#,,Fake
International Education Journal: Comparative Perspectives,1443-1475 2202-493X,https://openjournals.library.sydney.edu.au/index.php/IEJ/index,http://ijdri.com/iej/home-2/,OCEANIA COMPARATIVE &amp; INT EDUCATION SOC,CiteScore 1.3/Q3,,Fake
RIVISTA ITALIANA DI FILOSOFIA ANALITICA JUNIOR,2037-4445,https://riviste.unimi.it/index.php/rifanalitica/about,https://rifanalitica.it/index.php/journal,MILANO UNIVERSITY PRESS,WoS (ESCI),,Fake
Gongcheng Kexue Yu Jishu/Advanced Engineering Science,2096-3246,https://jsuese.scu.edu.cn/jsuese_en/ch/index.aspx,https://www.gkyj-aes-20963246.com/,Editorial Department of Journal of Sichuan University,CiteScore 1.0/Q3,,Fake
Journal of Shanghai Jiaotong University (Science),1007-1172,https://www.springer.com/journal/12204,https://shjtdxxb-e.cn/,Springer,_,,Fake
gis.Business,1869-9286,https://gispoint.de/artikelarchiv/gis/2023/gisbusiness-ausgabe-22023.html,https://gisbusiness.org,Wichmann Verlag,_,,Fake
Korean Journal of Physiology and Pharmacology,1226-4512 2093-3827,https://www.kjpp.net/main.html,http://kjppor.com/index.php/kjpp/index,KOREAN JOURNAL OF PHYSIOLOGY &amp; PHARMACOLOGY,_,,Fake
Hunan Daxue Xuebao/Journal of Hunan University Natural Sciences,1674-2974,http://hdxbzkb.cnjournals.net/hndxzr/home,http://jonuns.com/index.php/journal,Hunan Daxue/Hunan University,CiteScore 0.9/Q3,,Fake
Shengwu Yixue Gongchengxue Zazhi/Journal of Biomedical Engineering,1001-5515,http://www.biomedeng.cn/article/10.7507/1001-5515.202201034,http://www.swyxgcx.cn/index.php/jbme/index,Sichuan Society for Biomedical Engineering,CiteScore 0.2/Q4,,Fake
International Journal of Interdisciplinary Organizational Studies,2324-7649 2324-7657,https://cgscholar.com/bookstore/cgrn/255/274/about,https://www.cg-scholar-organizationalstudies.org/,Common Ground Research Networks,CiteScore 0.9/Q3,,Fake
Baltica,0067-3064,https://baltica.gamtc.lt/en,https://balticajournal.com/,INSTITUTE GEOLOGY &amp; GEOGRAPHY,CiteScore 1.5/Q3,,Fake
INGUISTICA ANTVERPIENSIA NEW SERIES-THEMES IN TRANSLATION STUDIES,2295-5739,https://lans-tts.uantwerpen.be/index.php/LANS-TTS,https://lans-tts.uantwerpen.net/,"ACADEMIC &amp; SCIENTIFIC PUBLISHERS-ASP, UNIV PRESS ANTWERP DIV",WoS (ESCI),,Fake
International Journal of Multicultural Education,2037-4445,https://riviste.unimi.it/index.php/rifanalitica/about,https://rifanalitica.it/index.php/journal,MILANO UNIVERSITY PRESS,WoS (ESCI),,Fake
Annals of Forest Research,1844-8135,https://www.afrjournal.org/index.php/afr,https://www.e-afr.org,Forest Research and Management Institute,CiteScore 2.5/ Q2,,Fake
Atomic Spectroscopy,0195-5373 2708-521X,http://www.at-spectrosc.com/as/home,https://atomicspectroscoopyjournal.com/index.php/at-spectrosc/index,Atomic Spectroscopy Press Limited,CiteScore 4.2/Q2,,Fake
Xiyou Jinshu Cailiao Yu Gongcheng/Rare Metal Materials and Engineering,1002-185X,http://www.rmme.ac.cn/rmme/ch/index.aspx,https://rmmep.org/index.php/rmme/index,Xibei Youse Jinshu Yanjiuyuan,CiteScore 1.1/Q3,,Fake
Xian Jianzhu Keji Daxue Xuebao/Journal of Xian University of Architecture &amp; Technology,1006-7930,http://jdxbz.xauat.edu.cn/,https://xajzkjdx.cn/,Xian University of Architecture &amp; Technology,_,,Fake
Oeconomia Copernicana,2083-1277 2353-1827,http://oeconomia.pl/,http://oeconomiacopernicana.pl/,Instytut Badań Gospodarczych/Institute of Economic Research (Poland),CiteScore 9.4/Q1,,Fake
International Journal of Central Banking,1815-4654 1815-7556,https://www.ijcb.org/,https://ijocb.org/,Association of the International Journal of Central Banking,CiteScore 2.2/Q3,,Fake
Hangkong Cailiao Xuebao/Journal of Aeronautical Materials,1005-5053,http://jam.biam.ac.cn/indexen.htm,https://www.hkclxb.cn/,Chinese Society of Aeronautics and Astronautics,_,,Fake
Lujun Gongcheng Daxue Xuebao/Journal of Army Engineering University of PLA,2097-0730,https://xbzrb.aeu.edu.cn/ch/index.aspx###,https://www.jaeupla.org/,Army Engineering University of Pla,CiteScore 0.1/Q4,,Fake
Boreal Environment Research,1239-6095,https://www.borenv.net/index.html,https://borenv.com/index.html,Finnish Environment Institute,CiteScore 2.3/Q2,,Fake
Baltic Journal of Law and Politics,2029-0454,https://sciendo.com/journal/BJLP?tab=issues,https://versita.com/about-the-journal/,Vytautas Magnus University,CiteScore 0.5/Q3,,Fake
International Journal of Special Education,0827-3383 1917-7844,http://internationalsped.com/index.php/ijse/index,http://www.internationaljournalofspecialeducation.com/,SPED Ltd,#,,Fake
Chinese Journal of Medical Genetics,1003-9406,http://zhyxycxzz.yiigle.com/,http://zhyxycx.life/index.php/cjmg,Chinese Medical Journals Publishing House Co.Ltd,CiteScore 0.3/Q4,,Fake
Onomazein,0717-1285 0718-5758,https://onomazein.letras.uc.cl/index.php/onom/,http://www.onomazein.com/index.php/onom/about,Pontificia Universidad Catolica de Chile,CiteScore 0.6/Q2,,Fake
Scandinavian Journal of Information Systems,0905-0167 1901-0990,https://aisel.aisnet.org/sjis/,http://sjisscandinavian-iris.com/index.php/sjis,Association for Information Systems,_,,Fake
"Business, Management and Economics Engineering",2669-2481 2669-249X,https://journals.vilniustech.lt/index.php/BMEE,https://businessmanagementeconomics.org/,Vilnius Gediminas Technical University,_,,Fake
Social Evolution and History,1681-4363,https://www.sociostudies.org/journal/seh/,https://socialevolutionhistory.com/,Uchitel Publishing House,CiteScore 0.7/Q1,,Fake
Lino,0211-2574,https://reunido.uniovi.es/index.php/RAHA/issue/view/851,http://linojournal.com/,Universidad de Oviedo,_,,Fake
Journal of Physical Education and Sport,2247-8051 2247-806X,https://efsupit.ro/,https://efsupit.net/,Editura Universitatea din Pitesti,CiteScore 2.4/Q2,,Fake
Kongzhi yu Juece/Control and Decision,1001-0920,#,https://www.kzyjc.org,Northeastern University,#,,Fake
"Lin chuang er bi yan hou tou jing wai ke za zhi  Journal of clinical otorhinolaryngology, head, and neck surgery",1001-1781,#,https://www.lcebyhkzz.cn/Vol-2023.php#,Tong ji yi ke da xue Fu shu xie he yi yuan,CiteScore 0.1/Q4,,Fake
Journal of Nursing,0047-262X,https://www.ipress.tw/J0012,https://jnr.tw/,Taiwan Nurses Association,CiteScore 0.7/Q3,,Fake
Huadong Ligong Daxue Xuebao /Journal of East China University of Science and Technology,1006-3080,https://journal.ecust.edu.cn/indexen.htm,https://hdigdxxb.info/index.php/JE_CUST/,East China University of Science and Technology,_,,Fake
Ymer,0044-0477,https://ssag.se/english/publications/ymer/,http://theymerdigital.com/,Svenska Sällskapet för Antropologi och Geografi,#,,Fake
Innovations,1267-4982,http://innovations.cairn.info/en/,https://journal-innovations.com/,De Boeck Supérieur,CiteScore 1.0/Q4,,Fake
Journal of Modern Literature,0022-281X 1529-1464,https://muse.jhu.edu/journal/97,http://iiupress.org/muse.jhu.edu/journal/48859/online.PHP,Indiana University Press,CiteScore 0.2/Q2,,Fake
High Technology Letters,1006-6748,http://www.hitech863.com/gjstxen/ch/index.aspx,https://gjstx-e.cn/,Institute of Scientific and Technical Information of China,_,,Fake
Zhongguo Shiyou Daxue Xuebao (Ziran Kexue Ban)/Journal of China University of Petroleum (Edition of Natural Science),1673-5005,http://zgsydxxb.ijournals.cn/zgsydxxben/ch/index.aspx,https://www.journalofchinauniversityofpetroleum.com/,Petroleum university periodical society,CiteScore 1.8/Q3,,Fake
MUSIK IN BAYERN,0937-583X,https://jahrbuch.gfbm-online.de/index.php/mib/,http://musikinbayern.com/aboutUs.html,_,_,,Fake
Vegueta,1133-598X 2341-1112,https://revistavegueta.ulpgc.es/ojs/index.php/revistavegueta/about,https://revistavegueta.xyz/,"University of Las Palmas de Gran Canaria, Faculty of Geography and History",CiteScore 0.2/Q3,,Fake
Bylye Gody,2073-9745 2310-0028,https://bg.cherkasgu.press/en/index.html,https://bylyegody.com/,Cherkas Global University Press,CiteScore 1.2/Q1,,Fake
PAIDEUMA,0090-5674,https://paideuma.wordpress.com/,https://paideumajournal.com/,National Poetry Foundation-University of Maine,_,,Fake
Shu Ju Cai Ji Yu Chu Li/Journal of Data Acquisition and Processing,1004-9037,https://sjcj.nuaa.edu.cn/,http://www.sjcjycl.cn/index.php,Chinese Physical Society,CiteScore 0.6/Q4,,Fake
Xinan Jiaotong Daxue Xuebao/Journal of Southwest Jiaotong University,0258-2724,#,http://jsju.org/index.php/journal/index,Science Press,CiteScore 1.2/Q2,,Fake
Interciencia,0378-1844,https://www.interciencia.net/,https://intercienciajournal.com/,Interciencia Association,CiteScore 0.8/Q3,,Fake
Chelonian Conservation and Biology,1071-8443 1943-3956,https://meridian.allenpress.com/ccb,http://acgpublishing.com/,ALLEN PRESS INC,CiteScore 1.8/Q3,,Fake
Journal of Korean Academy of Psychiatric and Mental Health Nursing,1225-8482,https://www.jkpmhn.org/about/about.php,https://mhnursing.or.kr/index.php/JKPMHN,Korean Society of Nursing Science,CiteScore 0.7/Q4,,Fake
Latin American Journal of Pharmacy,0326-2383,http://www.latamjpharm.org/,http://actafarmbonaerense.com.ar/index.php/latamjpharm/index,Colegio de Farmaceuticos de la Provincia de Buenos Aires,CiteScoreTracker 0.4,,Fake
Journal of Research Administration,1539-1590,https://www.srainternational.org/resources/journal,https://journalra.org/index.php/jra/,SRA International,CiteScore 0.6/Q4,,Fake
Movement and Sports Sciences - Science et Motricite,2118-5735 2118-5743,https://www.mov-sport-sciences.org/,http://movementsportsciences.com/index.html,EDP Sciences,CiteScore 1.0/Q3,,Fake
Adalya,1301-2746,https://akmed.ku.edu.tr/en/publications/periodicals/adalya/,https://adalyajournal.com/,Suna ve Inan Kirac Akdeniz Medeniyetleri Arastirma Enstitusu,_,,Fake
Shuikexue Jinzhan/Advances in Water Science,1001-6791,http://skxjz.nhri.cn/,http://www.skxjz.info/index.php/AWS/index,China Water Power Press,CiteScore 2.2/Q2,,Fake
Journal of Biomechanical Science and Engineering,1880-9863,https://www.jstage.jst.go.jp/browse/jbse/-char/en,https://jbse.org/,Japan Society of Mechanical Engineers/Nihon Kikai Gakkai,CiteScore 1.1/Q4,,Fake
Central European Management Journal,2336-2693 2336-4890,https://sciendo.com/journal/JMBACE,http://journals.kozminski.cem-j.com/,Walter de Gruyter,CiteScore 1.2/Q2,,Fake
Harbin Gongcheng Daxue Xuebao/Journal of Harbin Engineering University,1006-7043,http://heuxb.hrbeu.edu.cn/en/#/,https://harbinengineeringjournal.com/index.php/journal/index,Haerbin Gongcheng Daxue/Harbin Engineering University,_,,Fake
Specialusis Ugdymas,1392-5369 2424-3299,https://www.journals.vu.lt/special-education/,http://www.sumc.lt/index.php/se/index,Vilnius University Press,CiteScore 0.2/Q4,,Fake
Journal of Philanthropy and Marketing,2691-1361,https://onlinelibrary.wiley.com/journal/26911361,https://journalofphilanthropyandmarketing.com/index.php,Wiley,#,,Fake
Shuili Xuebao/Journal of Hydraulic Engineering,0559-9350,http://jhe.ches.org.cn/jhe/ch/index.aspx,https://slxbperiodicals.net/cn/,Chinese Hydraulic Engineering Society,CiteScore 1.8/Q3,,Fake
MODERN PHYTOMORPHOLOGY,2226-3063  2227-9555,http://phytomorphology.org/cgi-sys/suspendedpage.cgi,https://www.phytomorphology.com/,TATE NATURAL HISTORY MUSEUM NAS UKRAINE,WoS (ESCI),,Fake
Acta Biomedica,0392-4203,https://mattioli1885journals.com/index.php/actabiomedica,http://mattiolli1885journals.com/,Mattioli1885,CiteScore 2.8/Q2,,Fake
TELEMATIQUE,1856-4194,http://ojs.urbe.edu/index.php/telematique,https://www.provinciajournal.com/index.php/telematique,UNIV RAFAEL BELLOSO CHACIN,_,,Fake
Pakistan Heart Journal,0048-2706 2227-9199,https://pakheartjournal.com/index.php/pk,https://www.pkheartjournal.com/index.php/journal,Pakistan Cardiac Society,CiteScore 0.1/Q4,,Fake
Journal of New Zealand Studies,1176-306X 2324-3740,https://ojs.victoria.ac.nz/jnzs/about,https://journalofnewzealandstudies.com/jnzs/about.html,"Stout Research Centre, Victoria University of Wellington",_,,Fake
Azerbaijan Medical Journal,0005-2523,https://azmedjournal.com/index.php/amz,https://www.azerbaijanmedicaljournal.com,Izdatelstvo Elm,CiteScore 0.2/Q4,,Fake
Tec Empresarial,1659-2395 1659-3359,http://revistas.tec.ac.cr/index.php/,https://revistas.tecac.cr/index.php/tec_empresarial/index,"Business School, Instituto Tecnologico de Costa Rica",CiteScore 1.2/Q3,,Fake
Machine Intelligence Research,2731-538 2731-5398,https://www.springer.com/journal/11633,https://machineintelligenceresearch.com/,SPRINGER,#,,Fake
Journal of Higher Education Theory and Practice,2158-3595,https://nabpress.com/higher-education-theory-and-practice,http://johetap.com/,North American Business Press,CiteScore 0.3/Q4,,Fake
Yantu Gongcheng Xuebao/Chinese Journal of Geotechnical Engineering,1000-4548,http://manu31.magtech.com.cn/Jwk_ytgcxb/EN/10.11779/CJGE202112006,http://ytgcxb.periodicales.com/index.php/CJGE,Editorial Office of Chinese Journal of Geotechnical Engineering,CiteScore 1.8/Q3,,Fake
Tianjin Daxue Xuebao (Ziran Kexue yu Gongcheng Jishu Ban)/Journal of Tianjin University Science and Technology,0493-2137,http://xbzrb.tju.edu.cn/#/,https://tianjindaxuexuebao.com/KNavi/JournalDetail2.html,Tianjin Daxue/Tianjin University,_,,Fake
Jilin Daxue Xuebao (Gongxueban)/Journal of Jilin University (Engineering and Technology Edition),1671-5497,http://xuebao.jlu.edu.cn/gxb/EN/1671-5497/home.shtml,https://oversea.onlinecnki.net/KNavi/JournalDetail4.html?DBCode=CJFD&amp;BaseID=GLGL,Jilin University,CiteScore 1.0/Q3,,Fake
Azania,0067-270X 1945-5534,https://www.tandfonline.com/journals/raza20,https://www.azaniajournal.com/,Taylor &amp; Francis,_,,Fake
gis.Science - Die Zeitschrift fur Geoinformatik,1869-9391,https://gispoint.de/gis-science/zeitschrift.html,https://gisscience.net/,Wichmann Verlag,_,,Fake
Gradiva,0363-8057,https://en.olschki.it/riviste/9,https://gradiva.it/,CASA EDITRICE LEO S OLSCHKI,_,,Fake
Hong Kong journal of Social Sciences,1021-3619,#,http://hkjoss.com/index.php/journal,City University of Hong Kong Press,CiteScore 0.0/Q4,,Fake
Journal of Chemical Health Risks,2251-6719 2251-6727,https://jchr.damghan.iau.ir/,https://jchr.org/index.php/JCHR,Islamic Azad University,CiteScore 1.1/Q4,,Fake
Tuijin Jishu/Journal of Propulsion Technology,1001-4055,#,https://www.propulsiontechjournal.com/index.php/journal,Zhongguo Hangtian Gongye Zonggongsi,CiteScore 1.1/Q3,,Fake
Corrosion and Protection,1005-748X,#,https://www.fsyfh.cn/,Shanghai Research Institute of Materials,#,,Fake
Zeitschrift fur Psychologie / Journal of Psychology,2190-8370 2151-2604,https://www.hogrefe.com/us/journal/zeitschrift-fuer-psychologie,https://journalofpsychologyenglish.com/current-issue.php,HOGREFE PUBLISHING,CiteScore 4.2/Q1,,Fake
Seybold Report,1533-9211,_,https://seyboldreports.org/,Seybold Publications,CiteScore 0.0/Q4,,Fake
Papers on Social Representations,1021-5573 1819-3978,https://psr.iscte-iul.pt/index.php/PSR/index,https://psr.iscte-iul.com/,JOHANNES KEPLER UNIVERSITY,#,,Fake
Philosophical Readings,2036-4989,#,https://philosophicalreadings.org/,Ca Foscari University Department of Philosophy and Cultural Heritage,CiteScore 0.3/Q3,,Fake
Informatica,0868-4952 1822-8844,https://informatica.vu.lt/journal/INFORMATICA,http://informaticajournal.com/,IOS Press,CiteScore 7.5/Q1,,Fake
Boletin de Literatura Oral,2173-0695,https://revistaselectronicas.ujaen.es/index.php/blo,http://www.boletindeliteraturaoral.com/index.php/bdlo,Universidad de Jaen,#,,Fake
Academy of Management Annals,1941-6520 1941-6067,https://journals.aom.org/journal/annals,https://aomannals.com/,Academy of Management,#,,Fake
Fangzhi Gaoxiao Jichukexue Xuebao,1006-8341,http://caod.oriprobe.com/journals/fzgxjckxxb/BASIC_SCIENCES_JOURNAL_OF_TEXTILE_UNIVERSITIES.htm,https://fzgxjckxxb.com/,Educational Committee of Basic Subjects of Textile Institute,_,,Fake
Acta Scientific Paediatrics,2581-883X,https://actascientific.com/ASPE.php,,Acta Scientific,_,"المكاتب تروج بشكل كبير جدا لهذه المجلة وتستخدم معامل تاثير مزيف , اضافة الى وجود الناشر للمجلة في قائمة بيل للمجلات ودور النشر المفترسة",Commercial
Academic International Journal of Social Sciences and Humanities (AIJSSH),2984-7729,https://www.aipublishers.org/aijssh,,Academic International Publishers,_,.,Commercial
International Journal of Advanced Engineering and Management Research (IJAEMR),2456-3676,https://www.ijaemr.com/,,_,_,المكاتب تروج بشكل كبير جدا لهذه المجلة وتستخدم معامل تاثير مزيف,Commercial
Current Research in Drug Discovery,2333-3235 2333-3243,https://thescipub.com/crdd,,Science Publications,_,الناشر للمجلة مفترس مدرج ضمن قائمة بيل للمجلات ودور النشر المفترسة,Commercial
Research Inventy,2278-4721 2319-6483,http://www.researchinventy.com/index.html,,RI publishers,_,المكاتب تروج بشكل كبير جدا لهذه المجلة وتستخدم معامل تاثير مزيف,Commercial
Rawal Medical Journal,0303-5212,https://www.rmj.org.pk,,Pakistan Medical Association,Scopus (Q4),.,Commercial
Przeglad Elektrotechniczny,0033-2097,http://www.red.pe.org.pl/,,Wydawnictwo SIGMA,Scopus (Q4),.,Commercial
Journal of Positive School Psychology,2717-7564,https://journalppw.com/index.php/jpsp,,_,_,يمنع النشر فيها حسب الاعمام الوزاري بالعدد ج ع /ن/ 1996 في 22/6/2022,Commercial
Current Research in Microbiology,1948-982X 1948-9838,https://thescipub.com/crmb,,Science Publications,_,الناشر للمجلة مفترس مدرج ضمن قائمة بيل للمجلات ودور النشر المفترسة,Commercial
LIFE SCIENCE ARCHIVES (LSA),2454-1354,http://www.jpsscientificpublications.com/journals/LSA.php?id=8#,,JPS Scientific Publications,_,المكاتب تروج بشكل كبير جدا لهذه المجلة وتستخدم معامل تاثير مزيف,Commercial
American Journal of Animal and Veterinary Sciences,1557-4555 1557-4563,https://thescipub.com/ajavs,,Science Publications,CiteScore 1.2/Q3,الناشر للمجلة مفترس مدرج ضمن قائمة بيل للمجلات ودور النشر المفترسة,Commercial
Archives of Razi Institute,0365-3439 2008-9872,https://archrazi.areeo.ac.ir/,,Razi Vaccine and Serum Research Institute,CiteScore 1.0/Q3,يمنع النشر فيها حسب الاعمام الوزاري بالعدد ج ع /ن/ 2920 في 11/9/2022,Commercial
Journal of the Nigerian Society of Physical Sciences,2714-2817 2714-4704,https://journal.nsps.org.ng/index.php/jnsps,,Bangladesh Institute of Legal Development,CiteScore 0.3/Q4,مكاتب النشر تروج الها بشكل كبير ولوحظ ازدياد الابحاث المنشورة في المجلة مؤخرا وكذلك ازدياد عدد الابحاث لباحثين من العراق ومتوقع حصول زيادة اكبر في الفترة القادمة بسبب مكاتب النشر,Commercial
GSAR Journal of Dentistry and Oral Medicine,_,https://gsarpublishers.com/gsar-journal-of-dentistry-and-oral-medicine/,,GSAR Publishers,_,المكاتب تروج بشكل كبير جدا لهذه المجلة وتستخدم معامل تاثير مزيف,Commercial
ADVANCES IN BIORESEARCH,2277-1573 0976-4585,https://soeagra.com/abr.html,,SOC EDUC,Zoological Record (بدون معامل تأثير),المكاتب تروج بشكل كبير جدا لهذه المجلة وتستخدم معامل تاثير مزيف,Commercial
Acta Scientific Microbiology,2581-3226,https://actascientific.com/ASMI.php,,Acta Scientific,_,"المكاتب تروج بشكل كبير جدا لهذه المجلة وتستخدم معامل تاثير مزيف , اضافة الى وجود الناشر للمجلة في قائمة بيل للمجلات ودور النشر المفترسة",Commercial
Journal of Advance Research in Pharmacy and Biological Science,2208-2360,https://nnpub.org/index.php/PBS,,N N Publication,_,المكاتب تروج بشكل كبير جدا لهذه المجلة وتستخدم معامل تأثير مزيف,Commercial
Journal of Global Scientific Research,2523-9376,https://www.gsjpublications.com/Journal_of_Global_Scientific_Research.html,,Global Scientific Journals,_,,Commercial
World Journal of English Language,1925-0703 1925-0711,https://www.sciedupress.com/journal/index.php/wjel,,Sciedu Press,CiteScore 0.3/Q2,"المكاتب تروج بشكل كبير جدا لهذه المجلة, اضافة الى وجود الناشر للمجلة في قائمة بيل للمجلات ودور النشر المفترسة",Commercial
"International Journal of Physiology, Nutrition and Physical Education",2456-0057,https://www.journalofsports.com/,,_,_,المكاتب تروج بشكل كبير جدا لهذه المجلة وتستخدم معامل تأثير مزيف,Commercial
Neuroscience International,2524-2237 2524-2245,https://thescipub.com/ni,,Science Publications,_,الناشر للمجلة مفترس مدرج ضمن قائمة بيل للمجلات ودور النشر المفترسة,Commercial
The Journal of Global Scientific Research Multidisciplinary,2523-9376,https://www.gsjpublications.com/jgsr.html,,Global Scientific Journals,_,.,Commercial
International Journal of Educational Sciences (IJES),0975-1122 2456-6322,http://www.krepublishers.com/journals_educationalscience.html,,KAMLA-RAJ ENTERPRISES,WoS (ESCI),"المكاتب تروج بشكل كبير جدا لهذه المجلة وتستخدم معامل تاثير مزيف , اضافة الى وجود الناشر للمجلة في قائمة بيل للمجلات ودور النشر المفترسة",Commercial
Journal of Natural and Medical Education,2835-303X,https://univerpubl.com/index.php/scholastic,,_,_,المكاتب تروج بشكل كبير جدا لهذه المجلة وتستخدم معامل تاثير مزيف,Commercial
International Journal Of Nonlinear Analysis And Applications,1996-7195,https://ijnaa.semnan.ac.ir/,,LAHORE MEDICAL &amp; DENTAL COLL,ESCI (بدون معامل تأثير),مكاتب النشر غير الرصين تروج لهذه المجلة للنشر ضمنها بشكل كبير جدا لهذه المجلة واعداد الابحاث العراقية منشورة فيها كبيرة,Commercial
Journal of Strategic Research in Social Science (JoSReSS),2459- 0029,https://www.josrss.com/eng/,,SRA Academic Publishing,_,المكاتب تروج بشكل كبير جدا لهذه المجلة وتستخدم معامل تاثير مزيف,Commercial
International Journal of Enhanced Research in Educational Development (IJERED),2320-8708,https://www.erpublications.com/International-Journal-of-Enhanced-Research-in-Educational-Development-IJERED-Impact-Factor-7326-3-dtl.htm,,Enhanced Research (ER) Publications,_,المكاتب تروج بشكل كبير جدا لهذه المجلة وتستخدم معامل تاثير مزيف,Commercial
Bangladesh Journal of Medical Science,2223-4721 2076-0299,https://www.banglajol.info/index.php/BJMS/index,,Ibn Sina Trust,CiteScore 1.3/Q3,مكاتب النشر غير الرصين تروج وبشكل كبير جدا لهذه المجلة. كذلك لوحظ ازدياد نشر الابحاث العراقية ضمن اخر عدد منشور فيها. اضافة الى ذلك فالمجلة تدّعي تصنيفها ضمن قواعد بيانات SCIE  في كلاريفيت (اي انها تمتلك معامل تأثير) ولكنها في الواقع مصنفة ضمن قاعدة بيانات ESCI  في كلاريفيت والتي لا تمتلك مجلاتها اي معامل تاثير ضمن المستوعب. والمجلة تروج لعدد خاص فيها ويتم استلامه عن طريق الايميل وهذا مؤشر اضافي على خرق المجلة لأخلاقيات النشر العلمي وعدم رصانتها,Commercial
Neo Scientific Peer Reviewed Journal,2949-7752,https://neojournals.com/index.php/nspj,,_,_,المكاتب تروج بشكل كبير جدا لهذه المجلة وتستخدم معامل تاثير مزيف,Commercial
neuroQuantology,1303-5150,https://www.neuroquantology.com/,,anka publisher,Scopus (Q3),.,Commercial
Eurasian Research Bulletin,2795-7675,https://geniusjournals.org/index.php/erb/index,,_,_,المكاتب تروج بشكل كبير جدا لهذه المجلة وتستخدم معامل تاثير مزيف,Commercial
Egyptian Journal of Chemistry,0449-2285 2357-0245,https://ejchem.journals.ekb.eg/,,NATL INFORM &amp; DOCUMENT CENTRE,CiteScore 1.9/Q3,يمنع النشر فيها حسب الاعمام الوزاري بالعدد ج ع /ن/ 2920 في 11/9/2022,Commercial
Iranian Journal of Ichthyology,2383-1561 2383-0964,http://ijichthyol.org/index.php/iji/about,,Iranian Society of Ichthyology,0.9/Q4,مكاتب النشر غير الرصين دابت على الترويج للنشر ضمن هذه  المجلة. علاوة على ذلك فالمجلة في اخر سنتين لها ازدادت عدد الابحاث المنشورة فيها بشكل كبير جدا وملفت للنظر كما ان هنالك عدد كبير من الابحاث العراقية منشورة ضمن هذه المجلة في اعدادها التي تقع تحت دائرة المسائلة,Commercial
"International Journal of Advances in Science, Engineering and Technology (IJASEAT)",2321-9009 2321-8991,https://ijaseat.iraj.in/,,_,_,المكاتب تروج بشكل كبير جدا لهذه المجلة وتستخدم معامل تاثير مزيف,Commercial
International journal of online and biomedical engineering,2626-8493,https://online-journals.org/index.php/i-joe/index,,International Association of Online Engineering,CiteScore 3.0/Q2,,Commercial
Journal of Mathematics and Statistics,1549-3644 1558-6359,https://thescipub.com/jmss,,Science Publications,_,الناشر للمجلة مفترس مدرج ضمن قائمة بيل للمجلات ودور النشر المفترسة,Commercial
Journal of Advance Research in Medical and Health Science,2208-2425,https://nnpub.org/index.php/MHS,,_,_,المكاتب تروج بشكل كبير جدا لهذه المجلة وتستخدم معامل تاثير مزيف,Commercial
Brazilian Journal of Biology,1519-6984 1678-4375,https://www.scielo.br/j/bjb/,,International Institute of Ecology,Scopus (Q2),.,Commercial
BULLETIN OF ENVIRONMENT PHARMACOLOGY AND LIFE SCIENCES,2277-1808,https://bepls.com/index.html,,ACAD ENVIRONMENT AND LIFE SCIENCES,Zoological Record,المكاتب تروج بشكل كبير جدا لهذه المجلة  وتستخدم معامل تأثير مزيف في موقعها. اضافة الى عدم وجود معلومات عن الناشر للمجلة او موقع  الكتروني في الانترنيت,Commercial
JournalNX - A Multidisciplinary Peer Reviewed Journal,2581-4230,https://repo.journalnx.com/index.php/nx/journal-scope,,_,_,المكاتب تروج بشكل كبير جدا لهذه المجلة وتستخدم معامل تاثير مزيف,Commercial
Journal of Emerging Technologies and Innovative Research,2349-5162,https://www.jetir.org/index.html,,_,_,المكاتب تروج بشكل كبير جدا لهذه المجلة وتستخدم معامل تاثير مزيف,Commercial
"Texas Journal of Philology, Culture and History",2770-8608,https://zienjournals.com/index.php/tjpch/about,,_,_,المكاتب تروج بشكل كبير جدا لهذه المجلة وتستخدم معامل تاثير مزيف,Commercial
Journal for ReAttach Therapy and Developmental Diversities,2589-7799,https://jrtdd.com/index.php/journal,,ReAttach Therapy International Foundation,CiteScore 0.1/Q4,هناك زيادة كبيرة في عدد الابحاث المنشورة فيها كما انها عرضة للترويج من قبل المكاتب وبشكل كبير جدا,Commercial
"Global Scientific and Academic Research Journal of Economics, Business and Management",2583-5645,https://gsarpublishers.com/journals-gsarjebm-home/,,GSAR Publishers,_,المكاتب تروج بشكل كبير جدا لهذه المجلة وتستخدم معامل تاثير مزيف,Commercial
American Journal of Pedagogical and Educational Research,2832-9791,https://americanjournal.org/index.php/ajper,,Zien Journals,_,المكاتب تروج بشكل كبير جدا لهذه المجلة وتستخدم معامل تأثير مزيف,Commercial
RIMAK International Journal of Humanities and Social Sciences,2717-8293,https://www.rimakjournal.com/,,RIMAR ACADEMY,_,.,Commercial
International Journal of Professional Business Review,2525-3654,https://openaccessojs.com/JBReview,,AOS-Estratagia and Inovacao,CiteScore 0.3/Q4,المكاتب تروج بشكل كبير جدا لهذه المجلة وبدأت بزيادة الابحاث المنشورة  وكذلك يلاحظ زيادة الابحاث العراقية المنشورة فيها  
مجموع الابحاث المنشورة في المجلة لحد الان 286 بحث جميعها لم تؤرشف في سكوباس واخر ابحاث ارشفت منشورة ضمن المجلد 7العدد 6,Commercial
ResearchJet Journal of Analysis and Inventions- RJAI,2776-0960,https://reserchjet.academiascience.org/index.php/rjai,,__,_,المكاتب تروج بشكل كبير جدا لهذه المجلة وتستخدم معامل تاثير مزيف,Commercial
Online Journal of Biological Sciences,1608-4217 2410-8561,https://thescipub.com/ojbs,,Science Publications,CiteScore 1.3/Q3,الناشر للمجلة مفترس مدرج ضمن قائمة بيل للمجلات ودور النشر المفترسة,Commercial
Asian Journal of Chemistry,0970-7077,https://asianpubs.org/index.php/ajchem/index,,Asian Publication Corporation,CiteScore 0.9/Q4,الناشر للمجلة مفترس مدرج ضمن قائمة بيل للمجلات ودور النشر المفترسة,Commercial
"Eurasian Journal of Physics, Chemistry and Mathematics (EJPCM)",2795-7667,https://geniusjournals.org/index.php/ejpcm,,_,_,المكاتب تروج بشكل كبير جدا لهذه المجلة وتستخدم معامل تاثير مزيف,Commercial
International Journal of Development in Social Sciences and Humanities,2455-7730,https://ijdssh.com/,,IJDSSH  PUBLICATION,_,.,Commercial
DVANCES AND APPLICATIONS IN STATISTICS,2835-3072,http://www.pphmj.com/journals/adas.htm,,PUSHPA PUBLISHING HOUSE,WoS (ESCI),الناشر للمجلة ضمن قائمة بيل للمجلات المفترسة,Commercial
Journal of Clinical Chemistry and Laboratory Medicine,_,https://www.longdom.org/journal-clinical-chemistry-laboratory-medicine.html,,Longdom Group SA,_,المكاتب تروج بشكل كبير جدا لهذه المجلة وتستخدم معامل تاثير مزيف,Commercial
Acta Scientific Agriculture,2581-365X,https://actascientific.com/ASAG.php,,Acta Scientific,_,"المكاتب تروج بشكل كبير جدا لهذه المجلة وتستخدم معامل تاثير مزيف , اضافة الى وجود الناشر للمجلة في قائمة بيل للمجلات ودور النشر المفترسة",Commercial
Revista Latinoamericana de Hipertension,1856-4550,https://www.revhipertension.com/,,Sociedad Latinoamericana de Hipertension,CiteScore 0.7/Q4 // WoS (ESCI),_,Commercial
Journal of Marketing and Emerging Economics,2792-4009,https://openaccessjournals.eu/index.php/jmee,,Open Access Journals incorporations,_,المكاتب تروج بشكل كبير جدا لهذه المجلة وتستخدم معامل تاثير مزيف,Commercial
GSAR Journal of Agriculture and Veterinary Sciences,_,https://gsarpublishers.com/journal-gjavs-home/,,GSAR Publishers,_,المكاتب تروج بشكل كبير جدا لهذه المجلة وتستخدم معامل تاثير مزيف,Commercial
Energy Research Journal,1949-0151 1949-016X,https://thescipub.com/erj,,Science Publications,_,الناشر للمجلة مفترس مدرج ضمن قائمة بيل للمجلات ودور النشر المفترسة,Commercial
Global Scientific and Academic Research Journal of Education and literature,2583-7966,https://gsarpublishers.com/gsarjel-home-page/,,GSAR Publishers,_,المكاتب تروج بشكل كبير جدا لهذه المجلة وتستخدم معامل تاثير مزيف,Commercial
Current Research in Medicine,2524-2199 2524-2202,https://thescipub.com/crm,,Science Publications,_,الناشر للمجلة مفترس مدرج ضمن قائمة بيل للمجلات ودور النشر المفترسة,Commercial
"Journal of Current Researches on Engineering, Science and Technology  (JoCREST)",2651-2521,https://www.jocrest.com/eng/,,SRA Academic Publishing,_,المكاتب تروج بشكل كبير جدا لهذه المجلة وتستخدم معامل تاثير مزيف,Commercial
Asian Journal of Synthetic and Natural Product Chemistry,_,https://asianpubs.org/index.php/ajsnpc,,Asian Publication Corporation,_,الناشر للمجلة مفترس مدرج ضمن قائمة بيل للمجلات ودور النشر المفترسة,Commercial
International Journal of Enhanced Research In Science Technology &amp; Engineering (IJERSTE),2319-7463,https://www.erpublications.com/International-Journal-of-Enhanced-Research-In-Science-Technology-amp-Engineering-IJERSTE-Impact-Factor-7957-1-dtl.htm,,Enhanced Research (ER) Publications,_,المكاتب تروج بشكل كبير جدا لهذه المجلة وتستخدم معامل تاثير مزيف,Commercial
Journal of Thermal and Fluid Science  (JTFS),2583-3022,https://www.rame.org.in/jtfs/,,RAME Publishers,_,,Commercial
Journal of Current Research on Educational Studies (JoCuRES),2651- 2513,https://www.jocures.com/eng/,,SRA Academic Publishing,_,المكاتب تروج بشكل كبير جدا لهذه المجلة وتستخدم معامل تاثير مزيف,Commercial
3C EMPRESA,2254-3376,https://www.3ciencias.com/revistas/categoria/empresa/,,3CIENCIAS,ESCI (بدون معامل تأثير),هذه المجلة يتم الترويج لها من قبل المكاتب بشكل كبير جدا. وازدادت اعداد ابحاثها مؤخرا عما كانت عليه كنشر في اعدادها السابقة بالتالي ينبغي تجنبها كون طابعها اصبح تجاري بمخالفتها معايير النشر العلمي وستخرج قريبا من المستوعب,Commercial
European Chemical Bulletin,2063-5346,https://www.eurchembull.com/,,Deuton-X Ltd.,CiteScore 0.8/Q4,هذه المجلة يتم الترويج لها من قبل المكاتب بشكل كبير جدا وهناك زيادة في الابحاث بشكل كبير.,Commercial
Eurasian Journal of Humanities and Social Sciences (EJHSS),2795-7683,https://geniusjournals.org/index.php/ejhss,,Genius Journals Publishing Group,_,,Commercial
GSAR Journal of Applied Medical Sciences,_,https://gsarpublishers.com/gsar-journal-of-applied-medical-sciences/,,GSAR Publishers,_,المكاتب تروج بشكل كبير جدا لهذه المجلة وتستخدم معامل تاثير مزيف,Commercial
Journal of Social Sciences,1549-3652 1558-6987,https://thescipub.com/jss,,Science Publications,_,الناشر للمجلة مفترس مدرج ضمن قائمة بيل للمجلات ودور النشر المفترسة,Commercial
American Journal of Pharmacology and Toxicology,1557-4962 1557-4970,https://thescipub.com/ajpt,,Science Publications,_,الناشر للمجلة مفترس مدرج ضمن قائمة بيل للمجلات ودور النشر المفترسة,Commercial
Revista de Gestao Social e Ambiental,1981-982X,https://rgsa.emnuvens.com.br/rgsa/index,,Associacao Nacional de Pos-Graduacao e Pesquisa em Administracao,CiteScore 0.4/Q4,المكاتب تروج بشكل كبير جدا لهذه المجلة وهناك زيادة كبيرة في عدد الابحاث المنشورة,Commercial
Journal of Computer Science,1549-3636 1552-6607,https://thescipub.com/jcs,,Science Publications,CiteScore 1.4/Q4,الناشر للمجلة مفترس مدرج ضمن قائمة بيل للمجلات ودور النشر المفترسة,Commercial
Onkologia i Radioterapia,1896-8961,https://www.oncologyradiotherapy.com/,,Medical Project Poland,CiteScore 0.3/Q4,المكاتب تروج بشكل كبير جدا لهذه المجلة وتستخدم معامل تأثير مزيف,Commercial
"International Journal of Science, Engineering and Technology",2348-4098 2395-4752,https://www.ijset.in/,,_,_,المكاتب تروج بشكل كبير جدا لهذه المجلة وتستخدم معامل تاثير مزيف,Commercial
Chemical Methodologies,2645-7776 2588-4344,https://www.chemmethod.com/,,Sami Publishing Company,WoS(ESCI),,Commercial
International Journal of Advanced Research (IJAR),_,https://www.journalijar.com/,,_,_,المكاتب تروج بشكل كبير جدا لهذه المجلة وتستخدم معامل تاثير مزيف,Commercial
International Journal of Interactive Mobile Technologies,1865-7923,https://online-journals.org/index.php/i-jim,,International Association of Online Engineering,CiteScore 3.4/Q2,هذه المجلة يتم الترويج لها من قبل المكاتب بشكل كبير جدا. وتتم عملية النشر عن طريق المكاتب فقط,Commercial
Journal of Pharmacy and Bioallied Sciences,0976-4879 0975-7406,https://journals.lww.com/jpbs/pages/default.aspx,,Wolters Kluwer Health,Scopus (Q3),.,Commercial
Journal Of Research in Medical and Dental Science,2347-2545 2347-2367,https://www.jrmds.in/,,AMBER PUBLICATION,ESCI (بدون معامل تأثير),المكاتب تروج لهذه المجلة بشكل كبير جدا للنشر ضمنها كما ان اعداد الابحاث العراقية المنشورة فيها كبير جدا مما يثير الشك. المجلة ضمن كلاريفيت لكنها حاليا قيد التحقيق وخروجها من المستوعب بات امر قريبا,Commercial
International Journal of Scientific Trends- (IJST),2980-4299  2980-4329,https://scientifictrends.org/index.php/ijst,,_,_,,Commercial
International Journal of Enhanced Research in Management &amp; Computer Applications (IJERMCA),2319-7471,https://www.erpublications.com/International-Journal-of-Enhanced-Research-in-Management-amp-Computer-Applications-IJERMCA-Impact-Factor-7751-2-dtl.htm,,Enhanced Research (ER) Publications,_,المكاتب تروج بشكل كبير جدا لهذه المجلة وتستخدم معامل تاثير مزيف,Commercial
Journal of Organic and Biomolecular Simulations,2325-2170 2325-2189,https://thescipub.com/jobs,,Science Publications,_,الناشر للمجلة مفترس مدرج ضمن قائمة بيل للمجلات ودور النشر المفترسة,Commercial
Zien Journal of Social Sciences and Humanities,2769-996X,https://zienjournals.com/index.php/zjssh,,Zien Journals,_,المكاتب تروج بشكل كبير جدا لهذه المجلة وتستخدم معامل تأثير مزيف,Commercial
Journal of Advance Research in Applied Science,2208-2352,https://nnpub.org/index.php/AS,,N N Publication,_,المكاتب تروج بشكل كبير جدا لهذه المجلة وتستخدم معامل تأثير مزيف,Commercial
Space Science International,2524-2253 2524-2261,https://thescipub.com/ssi,,Science Publications,_,الناشر للمجلة مفترس مدرج ضمن قائمة بيل للمجلات ودور النشر المفترسة,Commercial
Journal of Mechatronics and Robotics,2617-0345 2617-0353,https://thescipub.com/jmr,,Science Publications,_,الناشر للمجلة مفترس مدرج ضمن قائمة بيل للمجلات ودور النشر المفترسة,Commercial
International Journal of Food and Nutritional Sciences,2320-7876 2319-1775,https://www.ijfans.org/abstracting-and-indexing,,_,_,المكاتب تروج بشكل كبير جدا لهذه المجلة وتستخدم معامل تاثير مزيف,Commercial
Journal of Current Research on Business and Economics (JoCReBE),2547- 9628,https://www.jocrebe.com/eng/,,SRA Academic Publishing,_,المكاتب تروج بشكل كبير جدا لهذه المجلة وتستخدم معامل تاثير مزيف,Commercial
International Journal of Research in Management Studies (IJRMS),2321-1830,http://erlibrary.org/ijrms.php,,Emerging Research Library (ERL),_,المكاتب تروج بشكل كبير جدا لهذه المجلة وتستخدم معامل تاثير مزيف,Commercial
Acta Scientific Dental Sciences,2581-4893,https://actascientific.com/ASDS.php,,Acta Scientific,_,"المكاتب تروج بشكل كبير جدا لهذه المجلة وتستخدم معامل تاثير مزيف , اضافة الى وجود الناشر للمجلة في قائمة بيل للمجلات ودور النشر المفترسة",Commercial
American Journal of Biochemistry and Biotechnology,1553-3468 1558-6332,https://thescipub.com/ajbb,,Science Publications,CiteScore 0.6/Q4,الناشر للمجلة مفترس مدرج ضمن قائمة بيل للمجلات ودور النشر المفترسة,Commercial
SAR Journal of Medicine,2707-773X 2709-6920,https://sarpublication.com/journal/sarjm/home,,SAR Publication,_,.,Commercial
Asian Journal of Materials Chemistry,_,https://asianpubs.org/index.php/ajmc,,Asian Publication Corporation,_,الناشر للمجلة مفترس مدرج ضمن قائمة بيل للمجلات ودور النشر المفترسة,Commercial
BIOGECKO,2230-5807,http://biogecko.co.nz/,,ECOGECKO CONSULTANTS LTD,Zoological Record,المكاتب تروج بشكل كبير جدا لهذه المجلة وبدأت بزيادة الابحاث المنشورة في عام 2023 عن الاعوام السابقة زيادة غير طبيعية وكذلك يوجد زيادة في عدد  الابحاث العراقية المنشورة في اعدادها الاخيرة,Commercial
Information Sciences Letters,2090-9551 2090-956X,https://www.naturalspublishing.com/show.asp?JorID=6&amp;pgid=0,,Natural Sciences Publishing,CiteScore 1.7/Q2,"المكاتب تروج بشكل كبير جدا لهذه المجلة, اضافة الى وجود الناشر للمجلة في قائمة بيل للمجلات ودور النشر المفترسة",Commercial
egyptian academic journal of biological sciences. c physiology and molecular biology,2090-0767 2090-083X,https://eajbsc.journals.ekb.eg/,,Egyptian Society of Biological Sciences,_,_,Commercial
Caspian Journal of Environmental Sciences,1735-3033 1735-3866,https://cjes.guilan.ac.ir/,,University of Guilan,CiteScore 0.8 /Q3,المكاتب تروج بشكل كبير جدا لهذه المجلة وبدأت بزيادة الابحاث المنشورة باعداد كبيرة عن ما سبقتها من اعداد في الاعوام الماضية  وكذلك يلاحظ زيادة الابحاث العراقية المنشورة فيها,Commercial
"Texas Journal of Philology, Culture and History",2770-8608,https://zienjournals.com/index.php/tjpch,,Zien Journals,_,المكاتب تروج بشكل كبير جدا لهذه المجلة وتستخدم معامل تأثير مزيف,Commercial
Journal of Advanced Research in Medical and Health Science,2208-2425,https://nnpub.org/index.php/MHS,,N N Publication,_,المكاتب تروج بشكل كبير جدا لهذه المجلة وتستخدم معامل تأثير مزيف,Commercial
Revista electronica de veterinarian,1695-7504,https://www.veterinaria.org/index.php/REDVET,,Veterinaria Organizacion,CiteScore 0.4/Q4,يمنع النشر فيها حسب الاعمام الوزاري بالعدد ج ع /ن/ 3496 في 31/10/2022,Commercial
Global Journal of Arts Humanity and Social Sciences,2583-2034,https://gsarpublishers.com/journal-gjahss-home/,,GSAR Publishers,_,المكاتب تروج بشكل كبير جدا لهذه المجلة وتستخدم معامل تاثير مزيف,Commercial
Annals of Biology,0970-0153,https://agribiop.com/category/annals-of-biology/,,Agri Bio Research Publishers,CiteScore 0.5/Q4,المكاتب تروج بشكل كبير جدا لهذه المجلة وبدأت بزيادة الابحاث المنشورة  وكذلك يلاحظ زيادة الابحاث العراقية المنشورة فيها,Commercial
"Egyptian Academic Journal of Biological Sciences. A, Entomology",1687-8809  2090-0813,https://eajbsa.journals.ekb.eg/,,Egyptian Society of Biological Sciences,_,_,Commercial
Nairobi Journal of Humanities and Social Sciences,2520-4009 2523-0948,https://royalliteglobal.com/njhs/index,,Royallite Publishers Limited,_,.,Commercial
International Journal Papier Public Review,0972-3617,https://igsspublication.com/index.php/ijppr,,#,_,المكاتب تروج بشكل كبير جدا لهذه المجلة وتستخدم معامل تاثير مزيف,Commercial
Voprosy Istorii,0042-8779 1938-2561,https://www.elibrary.ru/contents.asp?id=46703919,,VOPROSY ISTORII,AHCI (بدون معامل تأثير),المكاتب تروج بشكل كبير جدا لهذه المجلة واعداد الابحاث العراقية المنشورة فيها كبير جدا. المجلة خرجت من سكوباس بسبب عدم التزامها بمعايير النشر العلمي,Commercial
International Journal of Drug Delivery Technology,0975-4415,https://ijddt.com/#,,Dr. Yashwant Research Labs Pvt. Ltd.,CiteScore 0.5/Q4,-,Commercial
Journal of Advances in Microbiology Research,2709-9431 2709-944X,https://www.microbiojournal.com/,,_,_,المكاتب تروج بشكل كبير جدا لهذه المجلة وتستخدم معامل تاثير مزيف,Commercial
American Journal of Economics and Business Administration,_,https://thescipub.com/ajeba,,Science Publications,_,الناشر للمجلة مفترس مدرج ضمن قائمة بيل للمجلات ودور النشر المفترسة,Commercial
"Periodica Journal of Modern Philosophy, Social Sciences and Humanities",2720-4030,https://periodica.org/index.php/journal,,_,_,المكاتب تروج بشكل كبير جدا لهذه المجلة وتستخدم معامل تاثير مزيف,Commercial
International Journal of Structural Glass and Advanced Materials Research,2616-4507 2616-4515,https://thescipub.com/sgamr,,Science Publications,_,الناشر للمجلة مفترس مدرج ضمن قائمة بيل للمجلات ودور النشر المفترسة,Commercial
Remittances Review,2059-6588 2059-6596,http://remittancesreview.com,,SKY PUBLISHING LIMITED,Scopus (Q3),.,Commercial
Science Archives,2582-6697,http://sciencearchives.org/,,MD International Publishing,_,_,Commercial
Current Research in Psychology,1949-0178 1949-0186,https://thescipub.com/crp,,Science Publications,_,الناشر للمجلة مفترس مدرج ضمن قائمة بيل للمجلات ودور النشر المفترسة,Commercial
International Journal of Research in Nursing,1949-0194 1949-0208,https://thescipub.com/ijrn,,Science Publications,_,الناشر للمجلة مفترس مدرج ضمن قائمة بيل للمجلات ودور النشر المفترسة,Commercial
International Journal of Electrical and Computer Engineering,2088-8708 2722-2578,https://ijece.iaescore.com/index.php/IJECE,,Institute of Advanced Engineering and Science (IAES),CiteScore 3.8/Q2,يمنع النشر فيها حسب الاعمام الوزاري بالعدد ج ع /ن/ 2920 في 11/9/2022,Commercial
3C TECNOLOGIA,2254-4143,https://www.3ciencias.com/revistas/categoria/tecnologia/,,3CIENCIAS,ESCI (بدون معامل تأثير),هذه المجلة يتم الترويج لها من قبل المكاتب بشكل كبير جدا. ويلاحظ ازدياد اعداد الابحاث المنشورة في المجلة مقارنة باعدادها السابقة مما يثير الشك بتحولها من مجلة ذات طابع علمي الى طابع تجاري مفترس.,Commercial
Current Research in Nanotechnology,1949-0216 1949-0224,https://thescipub.com/crn,,Science Publications,_,الناشر للمجلة مفترس مدرج ضمن قائمة بيل للمجلات ودور النشر المفترسة,Commercial
International Journal of Veterinary Science,2304-3075 2305-4360,https://www.ijvets.com/#,,Unique Scientific Publishers,CiteScore 1.8/Q2,المجلة مدرجة ضمن قائمة بيل للمجلات ودور النشر المفترسة,Commercial
Biomedicine and Chemical Sciences (BCS),2790-296X 2957-5826,https://journals.irapa.org/index.php/BCS/index,,International Research and Publishing Academy,_,خرجت من تصنيف DOAJ  بسبب خرقها لمعايير واخلاقيات النشر العلمي الرصين,Commercial
Periodicals of Engineering and Natural Sciences,2303-4521,http://pen.ius.edu.ba/index.php/pen/index,,International University of Sarajevo,CiteScore 1.7/Q1,"اغلب ابحاثها المنشورة من العراق مع اجتهاد مكاتب النشر في الترويج للنشر ضمن اعدادها. كما ان لديها 35 بحث لم يتم فهرسته في مستوعب سكوباس, اخر ابحاث مؤرشفة فيها كانت ضمن Vol. 10 No.6)) كذلك المجلة تم ازالتها من تصنيف DOAJ بسبب خرقها لمعايير واخلاقيات النشر العلمي",Commercial
Journal of Advanced Zoology,0253-7214,http://jazindia.com/index.php/jaz,,Assoc. Advancement Zoology,CiteScore 0.0/Q4,المكاتب تروج بشكل كبير جدا لهذه المجلة وبدأت بزيادة الابحاث المنشورة فيها تزداد بشكل كبيراضافة زيادة الابحاث العراقية المنشورة فيها.,Commercial
"Egyptian Academic Journal of Biological Sciences, D. Histology &amp; Histochemistry",2090-0775  2090-0848,https://eajbsd.journals.ekb.eg/,,Egyptian Society of Biological Sciences,_,_,Commercial
American Journal of Immunology,1553-619X 1558-3775,https://thescipub.com/aji,,Science Publications,_,الناشر للمجلة مفترس مدرج ضمن قائمة بيل للمجلات ودور النشر المفترسة,Commercial
American Journal of Environmental Sciences,1553-345X 1558-3910,https://thescipub.com/ajes,,Science Publications,_,الناشر للمجلة مفترس مدرج ضمن قائمة بيل للمجلات ودور النشر المفترسة,Commercial
World Bulletin of Management and Law (WBML),2749-3601,https://scholarexpress.net/index.php/wbml/about,,Scholar Express,_,المكاتب تروج بشكل كبير جدا لهذه المجلة وتستخدم معامل تاثير مزيف,Commercial
Journal of Namibian Studies,1863-5954 2197-5523,https://namibian-studies.com/index.php/JNS,,Otjivanda Presse.Essen,CiteScore 0.6/Q1,تسعى مكاتب النشر جاهدة في الترويج لهذه المجلة بشكل كبير جدا. اضافة الى اعلان المجلة في موقعها الالكتروني عن وجود عدد خاص واغلب المحررين لهذا العدد الخاص هم من دول عربية  لذا وعلى الاغلب المجلة اصبح هدفها تجاري.,Commercial
African Journal of Biological Sciences,2663-2187,https://www.afjbs.com/,,African Science Publications,CiteScore 0.6/Q4,المكاتب تروج لها بشكل كبير وزيادة ابحاثها المنشورة,Commercial
Texas Journal of Medical Science,2770-2936,https://zienjournals.com/index.php/tjms,,Zien Journals,_,المكاتب تروج بشكل كبير جدا لهذه المجلة وتستخدم معامل تأثير مزيف,Commercial
Current Research in Dentistry,1949-0119 1949-0127,https://thescipub.com/crd,,Science Publications,_,الناشر للمجلة مفترس مدرج ضمن قائمة بيل للمجلات ودور النشر المفترسة,Commercial
Journal of Advanced Education and Sciences,2583-2360,https://dzarc.com/education/,,Dzarc Publications,_,.,Commercial
World Bulletin of Public Health (WBPH),2749-3644,https://scholarexpress.net/index.php/wbph/index,,ScholarExpress,_,المكاتب تروج بشكل كبير جدا لهذه المجلة وتستخدم معامل تاثير مزيف,Commercial
African Journal of Advanced Pure and Applied Sciences (AJAPAS),2957-644X,https://aaasjournals.com/index.php/ajapas/,,African Academy of Advanced Studies (AAAS),_,.,Commercial
Global Scientific and Academic Research Journal of Multidisciplinary Studies,2583-4088,https://gsarpublishers.com/journals-gsarjms-home/,,GSAR Publishers,_,المكاتب تروج بشكل كبير جدا لهذه المجلة وتستخدم معامل تاثير مزيف,Commercial
World Journal of Advanced Research and Reviews (WJARR),2581-9615,https://wjarr.com/,,_,_,المكاتب تروج بشكل كبير جدا لهذه المجلة وتستخدم معامل تاثير مزيف,Commercial
Asian Journal of Biotechnological Research and Reviews,_,https://asianpubs.org/index.php/ajbrr,,Asian Publication Corporation,_,الناشر للمجلة مفترس مدرج ضمن قائمة بيل للمجلات ودور النشر المفترسة,Commercial
Journal of Carcinogenesis,0974-6773 1477-3163,https://carcinogenesis.com/,,Wolters Kluwer Health,CiteScore 6.6/Q1,المكاتب تروج بشكل كبير جدا لهذه المجلة والفهرسة متوقفة في مستوعب سكوباس (تمت فهرسة بحث واحد فقط لسنة 2022) كذلك خرجن من تصنيف DOAJ  و PubMed,Commercial
East European Journal of Physics,2312-4334 2312-4539,https://periodicals.karazin.ua/eejp,,Karazin Kharkiv National University,Scopus (Q4) and WoS (ESCI),.,Commercial
Lampyrid: The Journal of Bioluminescent Beetle Research,2041-4900,https://lampyridjournal.com/index.php/journal,,_,_,المكاتب تروج بشكل كبير جدا لهذه المجلة وتستخدم معامل تاثير مزيف,Commercial
International Journal of Innovative Analyses and Emerging Technology,2792-4025,https://openaccessjournals.eu/index.php/ijiaet,,Open Access Journals incorporations,_,المكاتب تروج بشكل كبير جدا لهذه المجلة وتستخدم معامل تاثير مزيف,Commercial
Journal of Sports Science and Nutrition,2707-7012 2707-7020,https://www.allsportsjournal.com/,,AkiNik Publications,_,المكاتب تروج بشكل كبير جدا لهذه المجلة وتستخدم معامل تأثير مزيف,Commercial
Physics International,1948-9803 1948-9811,https://thescipub.com/pi,,Science Publications,_,الناشر للمجلة مفترس مدرج ضمن قائمة بيل للمجلات ودور النشر المفترسة,Commercial
Health Education and Health Promotion,2588-5715 2345-2897,https://hehp.modares.ac.ir/,,Afarand Scholarly Publishing Institute,_,.,Commercial
Acta Scientific Cancer Biology,2582-4473,https://actascientific.com/ASCB.php,,Acta Scientific,_,"المكاتب تروج بشكل كبير جدا لهذه المجلة وتستخدم معامل تاثير مزيف , اضافة الى وجود الناشر للمجلة في قائمة بيل للمجلات ودور النشر المفترسة",Commercial
INTERNATIONAL JOURNAL OF SCIENTIFIC DEVELOPMENT AND RESEARCH,2455-2631,https://www.ijsdr.org/?gclid=Cj0KCQjwsp6pBhCfARIsAD3GZubYUBM2FVeKKQ_5DBtgdoQt8kMCUuxp3jbFpacS-uYOa73pCpdprUoaAuSXEALw_wcB,,_,_,المكاتب تروج بشكل كبير جدا لهذه المجلة وتستخدم معامل تاثير مزيف,Commercial
American Journal of Applied Sciences,1546-9239 1554-3641,https://thescipub.com/ajas,,Science Publications,_,الناشر للمجلة مفترس مدرج ضمن قائمة بيل للمجلات ودور النشر المفترسة,Commercial
"Egyptian Academic Journal of Biological Sciences, B. Zoology",2090-0759  2090-0821,https://eajbsz.journals.ekb.eg/,,Egyptian Society of Biological Sciences,_,_,Commercial
American Journal of Agricultural and Biological Sciences,1557-4989 1557-4997,https://thescipub.com/ajabs,,Science Publications,_,الناشر للمجلة مفترس مدرج ضمن قائمة بيل للمجلات ودور النشر المفترسة,Commercial
"BEST JOURNAL OF INNOVATION IN SCIENCE, RESEARCH AND DEVELOPMENT",2835-3579,http://www.bjisrd.com/index.php/bjisrd/index,,_,_,المكاتب تروج بشكل كبير جدا لهذه المجلة وتستخدم معامل تاثير مزيف,Commercial
International Journal on Integrated Education (IJIE),2620-3502,https://journals.researchparks.org/index.php/IJIE,,"Research Parks Publishing, Indonesia",_,المكاتب تروج بشكل كبير جدا لهذه المجلة وتستخدم معامل تاثير مزيف,Commercial
International Journal of Revolution in Science and Humanity (IJRSH),2321-4538,http://erlibrary.org/ijrms.php,,Emerging Research Library (ERL),_,المكاتب تروج بشكل كبير جدا لهذه المجلة وتستخدم معامل تاثير مزيف,Commercial
International Journal of Experimental Research and Review,2455-4855,#,,International Academic Publishing House (IAPH),CiteScore 0.3/Q4,المكاتب تروج بشكل كبير جدا لهذه المجلة اضافة الى الناشر للمجلة موجود في قائمة بيل للمجلات المفترسة,Commercial
American Journal of Infectious Diseases,1553-6203 1558-6340,https://thescipub.com/ajid,,Science Publications,_,الناشر للمجلة مفترس مدرج ضمن قائمة بيل للمجلات ودور النشر المفترسة,Commercial
"DER PHARMA CHEMICA JOURNAL FOR MEDICINAL CHEMISTRY, PHARMACEUTICAL CHEMISTRY, PHARMACEUTICAL SCIENCES AND COMPUTATIONAL CHEMISTRY",0975-413X,https://www.derpharmachemica.com/,,_,_,المكاتب تروج بشكل كبير جدا لهذه المجلة وتستخدم معامل تاثير مزيف,Commercial
Utilitas Mathematica,0315-3681,https://utilitasmathematica.com,,Utilitas Mathematica Publishing Inc.,Scopus (Q4),.,Commercial
World Journal of Biology Pharmacy and Health Sciences (WJBPHS),2582-5542,https://wjbphs.com/,,_,_,.,Commercial
Asian Journal of Microwave Induced Chemistry,_,https://asianpubs.org/index.php/ajmic,,Asian Publication Corporation,_,الناشر للمجلة مفترس مدرج ضمن قائمة بيل للمجلات ودور النشر المفترسة,Commercial
Bionatura,1390-9347 1390-9355,https://www.revistabionatura.com,,"Centro de Biotecnologia y Biomedicina, Clinical Biotec. Universidad Catolica del Oriente (UCO), Univesidad Yachay Tech",Scopus (Q4),,Commercial
Pioneer: Journal of Advanced Research and Scientific Progress,2751-7551,https://innosci.org/jarsp,,_,_,المكاتب تروج بشكل كبير جدا لهذه المجلة وتستخدم معامل تاثير مزيف,Commercial
International Journal of Chemical and Biochemical Sciences,2226-9614,https://www.iscientific.org/international-journal-of-chemical-and-biochemical-sciences/,,International Scientific Organization,CiteScore 0.5/Q4,لناشر للمجلة في قائمة بيل للمجلات المفترسة,Commercial
Journal of Pedagogical Inventions and Practices,2770-2367,https://zienjournals.com/index.php/tjm,,Zien Journals,_,المكاتب تروج بشكل كبير جدا لهذه المجلة وتستخدم معامل تأثير مزيف,Commercial
Migration Letters,1741-8984 1741-8992,https://migrationletters.com/index.php/ml,,Migration Letters &amp; The London Publishers,CiteScore 2.0/Q2 // WoS (ESCI),المكاتب تروج لها بشكل كبير إضافة الى هي حاليا في تصنيف WoS قيد التحقيق,Commercial
International Journal of Membrane Science and Technology,2410-1869,https://www.cosmosscholars.com/journals/2017-04-30-09-02-00/international-journal-of-membrane-science-and-technology,,Cosmos Scholars Publishing House,CiteScore 0.6/Q4,المكاتب تروج بشكل كبير جدا لهذه المجلة  والناشر مفترس مذكور ضمن قائمة بيل للمجلات ودور النشر المفترسة,Commercial
Journal For Educators Teachers And Trainers,1989-9572,https://jett.labosfor.com/index.php/jett,,"UNIV GRANADA, FAC CIENCIAS EDUCACION",ESCI (بدون معامل تأثير),هذه المجلة يتم الترويج لها من قبل المكاتب بشكل كبير جدا.,Commercial
International Journal of Enhanced Research in Medicines &amp; Dental Care (IJERMDC),2349-1590,https://www.erpublications.com/International-Journal-of-Enhanced-Research-in-Medicines-amp-Dental-Care-IJERMDC-Impact-Factor-7125-4-dtl.htm,,Enhanced Research (ER) Publications,_,المكاتب تروج بشكل كبير جدا لهذه المجلة وتستخدم معامل تاثير مزيف,Commercial
American Journal of Engineering and Applied Sciences,1945-5488 1945-5496,https://thescipub.com/ajeas,,Science Publications,_,الناشر للمجلة مفترس مدرج ضمن قائمة بيل للمجلات ودور النشر المفترسة,Commercial
International Journal of Intelligent Systems and Applications in Engineering,2147-6799,https://ijisae.org/index.php/IJISAE/,,Ismail Saritas,CiteScore 0.4/Q4,المجلة غيرت سياسة النشر مؤخرا لتصبح ذات طابع تجاري اضافة الى الاعلان عنها من قبل اغلب مكاتب النشر في البلد كما لوحظ فيها ازدياد الابحاث المنشورة بشكل متزيد ولذا ننصح بالاتعاد عن النشر فيها علاوة على ما سبق فهي الان قيد التحقيق من قبل سكوباس وقد تستبعد بالمستقبل القريب,Commercial
Global Journal of Engineering and Technology,2583-3359,GSAR,,https://gsarpublishers.com/journal-gjet-home/,_,المكاتب تروج بشكل كبير جدا لهذه المجلة وتستخدم معامل تاثير مزيف,Commercial
IOSR Journal of Applied Chemistry (IOSR-JAC),2278-5736,https://www.iosrjournals.org/iosr-jac.html,,International Organization of Scientific Research (IOSR),_,"المكاتب تروج بشكل كبير جدا لهذه المجلة, اضافة الى وجود الناشر للمجلة في قائمة بيل للمجلات ودور النشر المفترسة",Commercial
IOSR Journal of Applied Physics (IOSR-JAP),2278-4861,https://www.iosrjournals.org/iosr-jap.html,,International Organization of Scientific Research (IOSR),_,"المكاتب تروج بشكل كبير جدا لهذه المجلة, اضافة الى وجود الناشر للمجلة في قائمة بيل للمجلات ودور النشر المفترسة",Commercial
International Journal of Current Research,_,http://journalcra.com/,,_,_,المكاتب تروج بشكل كبير جدا لهذه المجلة وتستخدم معامل تاثير مزيف,Commercial
Journal of Law and Sustainable Development,2764-4170,https://ojs.journalsdg.org/jlss/index,,Open Access Publications LLC,CiteScore 0.6/Q3,المكاتب تروج بشكل كبير جدا لهذه المجلة وهناك زيادة كبيرة في عدد الابحاث المنشورة,Commercial
Nexus : Journal of Advances Studies of Engineering Science,2751-7578,https://innosci.org/index.php/JISES,,2751-7578,_,المكاتب تروج بشكل كبير جدا لهذه المجلة وتستخدم معامل تاثير مزيف,Commercial
Eurasian Medical Research Periodical (EMRP),2795-7624,https://geniusjournals.org/index.php/emrp/index,,_,_,المكاتب تروج بشكل كبير جدا لهذه المجلة وتستخدم معامل تاثير مزيف,Commercial
Revista Iberoamericana de Psicologia del Ejercicio y el Deporte / Ibero-American Journal of Exercise and Sports Psychology,1886-8576 2340-7700,https://www.riped-online.com/about.html,,REVISTA IBEROAMERICANA PSICOLOGIA EJERCICIO &amp; DEPORTE,CiteScore 1.4/Q3,المكاتب تروج بشكل كبير جدا لهذه المجلة وبدأت بزيادة الابحاث المنشورة  وكذلك يلاحظ زيادة الابحاث العراقية المنشورة فيها,Commercial
World Bulletin of Social Sciences,2749-361X,https://scholarexpress.net/index.php/wbss/index,,ScholarExpress,_,المكاتب تروج بشكل كبير جدا لهذه المجلة وتستخدم معامل تاثير مزيف,Commercial
American Journal of Interdisciplinary Research and Development,2771-8948,http://ajird.journalspark.org/index.php/ajird/index,,المكاتب تروج بشكل كبير جدا لهذه المجلة وتستخدم معامل تاثير مزيف,_,المكاتب تروج بشكل كبير جدا لهذه المجلة وتستخدم معامل تاثير مزيف,Commercial
Applied Mathematics and Information Sciences,1935-0090 2325-0399,https://digitalcommons.aaru.edu.jo/amis/,,Natural Sciences Publishing,CiteScore 1.7/Q2,المكاتب تروج بشكل كبير جدا لهذه المجلة اضافة الى الناشر للمجلة موجود في قائمة بيل للمجلات المفترسة,Commercial
Texas Journal of Agriculture and Biological Sciences,2771-8840,https://zienjournals.com/index.php/tjabs,,Zien Journals,_,المكاتب تروج بشكل كبير جدا لهذه المجلة وتستخدم معامل تأثير مزيف,Commercial
BIOINFOLET,0973-1431 0976-4755,https://www.indianjournals.com/ijor.aspx?target=ijor:bil&amp;type=home,,Dr. Anil M. Mungikar,_,.,Commercial
"Egyptian Academic Journal of Biological Sciences, F. Toxicology &amp; Pest Control",2090-0864  2090-0791,https://eajbsf.journals.ekb.eg/,,Egyptian Society of Biological Sciences,_,_,Commercial
Journal of Current Research on Health Sector (JoCReHeS),2459-0029,https://www.jocrehes.com/eng/,,SRA Academic Publishing,_,المكاتب تروج بشكل كبير جدا لهذه المجلة وتستخدم معامل تاثير مزيف,Commercial
Current Research in Biostatistics,2524-2210 2524-2229,https://thescipub.com/crbs,,Science Publications,_,الناشر للمجلة مفترس مدرج ضمن قائمة بيل للمجلات ودور النشر المفترسة,Commercial
Eastern-European Journal of Enterprise Technologies,1729-3774 1729-4061,https://journals.uran.ua/eejet,,-,-,-,Commercial
Eurasian Chemical Communications,2717-0535 2676-6280,http://www.echemcom.com/journal/aim_scope,,Sami Publishing Company,CiteScore Tracker 3.1,هذه المجلة يتم الترويج لها من قبل المكاتب بشكل كبير جدا ومنضوية في مستوعب لسكوباس حديثا كما ان معدل النشر فيها عالي جدا اضافة الى ان عددا كبيرا من الابحاث العراقية منشوره فيها,Commercial
INTERNATIONAL JOURNAL OF TREND IN SCIENTIFIC RESEARCH AND DEVELOPMENT,2456-6470,https://www.ijtsrd.com/,,_,_,المكاتب تروج بشكل كبير جدا لهذه المجلة وتستخدم معامل تاثير مزيف,Commercial
International Journal of Pharmacy and Pharmaceutical Studies (IJPPS),2457-0419,https://www.bharatpublication.com/ijpps/ijpps_about.php,,Bharat Publication,_,المكاتب تروج بشكل كبير جدا لهذه المجلة وتستخدم معامل تاثير مزيف,Commercial
International Journal on Orange Technologies (IJOT),2615-8140 2615-7071,https://journals.researchparks.org/index.php/IJOT,,"Research Parks Publishing, Indonesia",_,المكاتب تروج بشكل كبير جدا لهذه المجلة وتستخدم معامل تاثير مزيف,Commercial
Clinical Schizophrenia and Related Psychoses,1935-1232 1941-2010,https://www.clinicalschizophrenia.net/,,Walsh Medical Media,CiteScore 0.9/Q4,المكاتب تروج بشكل كبير جدا لهذه المجلة وبدأت بزيادة الابحاث المنشورة في 2023 عن الاعوام السابقة زيادة غير طبيعية,Commercial
International Academic Journal of Accounting and Financial Management,2454-2350,https://www.iaiest.com/journal.php?id=5,,International Academic Institute For Science And Technology,_,المكاتب تروج بشكل كبير جدا لهذه المجلة وتستخدم معامل تاثير مزيف,Commercial
Journal of Pure and Applied Microbiology (JPAM),0973-7510 2581-690X,https://microbiologyjournal.org/,,Journal of Pure and Applied Microbiology,Scopus (Q3),,Commercial
International Journal of Psychosocial Rehabilitation,1475-7192,https://www.psychosocial.com/,,#,#,#,Commercial
Journal of Adaptive Structures,2790-6655 2790-6663,https://thescipub.com/jas,,Science Publications,_,الناشر للمجلة مفترس مدرج ضمن قائمة بيل للمجلات ودور النشر المفترسة,Commercial
Annals of Agri Bio Research,0971-9660,https://agribiop.com/category/annals-of-agri-bio-research/,,Agri Bio Research Publishers,CiteScore 0.4/Q4,المكاتب تروج بشكل كبير جدا لهذه المجلة وبدأت بزيادة الابحاث المنشورة  وكذلك يلاحظ زيادة الابحاث العراقية المنشورة فيها,Commercial
European Journal of Pure and Applied Mathematics,1307-5543,https://www.ejpam.com/index.php/ejpam,,New York Business Global,Scopus (Q3),.,Commercial
Asian Journal of Photolysis and Sonolysis,_,https://asianpubs.org/index.php/ajps/home,,Asian Publication Corporation,_,الناشر للمجلة مفترس مدرج ضمن قائمة بيل للمجلات ودور النشر المفترسة,Commercial
International Journal of Modern Agriculture,2305-7246,http://www.modern-journals.com/index.php/ijma,,_,_,المكاتب تروج بشكل كبير جدا لهذه المجلة وتستخدم معامل تاثير مزيف,Commercial
Texas Journal of Engineering and Technology,2770-4491,https://zienjournals.com/index.php/tjet,,Zien Journals,_,المكاتب تروج بشكل كبير جدا لهذه المجلة وتستخدم معامل تأثير مزيف,Commercial
Russian Law Journal,2309-8678 2312-3605,https://www.russianlawjournal.org/index.php/journal,,Supporting Academic Initiatives Foundation,CiteScore 0.6/Q3,المكاتب في الاونة الاخيرة تروج بشكل كبير جدا  لهذه المجلة وهناك زيادة كبيرة في ابحاثها  المنشورة التي لم تؤرشف بعد كذلك مكاتب النشر الزائف تقدم عروض تخفيض عليها بشكل مستمر. مجموع الابحاث المنشورة في المجلة لحد الان 547 بحث جميعها لم تؤرشف في سكوباس واخر ابحاث ارشفت منشورة ضمن المجلد 9 العدد 2 في سنة  2021,Commercial
Journal of Aircraft and Spacecraft Technology,2523-1200 2523-1197,https://thescipub.com/jast,,Science Publications,_,الناشر للمجلة مفترس مدرج ضمن قائمة بيل للمجلات ودور النشر المفترسة,Commercial
International Journal of Development and Public Policy,2792-3991,https://openaccessjournals.eu/index.php/ijdpp,,Open Access Journals incorporations,_,المكاتب تروج بشكل كبير جدا لهذه المجلة وتستخدم معامل تاثير مزيف,Commercial
SPORT TK-Revista EuroAmericana de Ciencias del Deporte,2340-8812  2254-4070,https://revistas.um.es/sportk/about,,Universidad de Murcia,_,_,Commercial
International Journal of Pharmaceutical Quality Assurance,0975-9506,https://ijpqa.com/,,_,CiteScore 0.5/Q3,يمنع النشر فيها حسب الاعمام الوزاري بالعدد ج ع /ن/ 2920 في 11/9/2022,Commercial
Journal of Computer Science and Technology Studies,2709-104X,https://al-kindipublisher.com/index.php/jcsts/index,,Al-Kindi Center for Research and Development.,_,المكاتب تروج بشكل كبير جدا لهذه المجلة وتستخدم معامل تاثير مزيف,Commercial
Current Pediatric Research,0971-9032,https://www.alliedacademies.org/current-pediatrics/,,Allied Academies,_,يمنع النشر فيها حسب الاعمام الوزاري بالعدد ج ع /ن/ 3496 في 31/10/2022,Commercial
American Journal of Animal and Veterinary Sciences,1557-4555 1557-4563,https://thescipub.com/ajavs,,Science Publications,CiteScore 1.2/Q3,الناشر للمجلة ضمن قائمة بيل للمجلات المفترسة,Commercial
3C TIC,2254-6529,https://www.3ciencias.com/revistas/categoria/tic/,,3CIENCIAS,ESCI (بدون معامل تأثير),المجلة عرضة للمكاتب للترويج عنها بشكل كبير اضافة الى زيادة اعدادها الاخيرة عن سابقها مما يثير الشك في رصانتها واستمرار اعتماديتها ضمن المستوعب في قادم الايام,Commercial
International Journal for Scientific Research,2277-8179,https://www.worldwidejournals.com/international-journal-of-scientific-research-(IJSR)/,,_,_,المكاتب تروج بشكل كبير جدا لهذه المجلة وتستخدم معامل تاثير مزيف,Commercial
Current Research in Virology,1949-0097 1949-0100,https://thescipub.com/crv,,Science Publications,_,الناشر للمجلة مفترس مدرج ضمن قائمة بيل للمجلات ودور النشر المفترسة,Commercial
Pakistan Journal Of Medical &amp; Health Sciences,1996-7195,https://pjmhsonline.com/published-issues,,LAHORE MEDICAL &amp; DENTAL COLL,ESCI (بدون معامل تأثير),مكاتب النشر غير الرصين تروج لهذه المجلة للنشر ضمنها بشكل كبير جدا لهذه المجلة واعداد الابحاث العراقية منشورة فيها كبيرة. المجلة ضمن كلاريفيت حاليا لكنها قيد التحقيق وخروجها امر قريب,Commercial
Journal of the Textile Association,0368-4636,https://textileassociationindia.org/journal/,,Textile Association (India),CiteScore 0.4 /Q4,هذه المجلة يتم الترويج لها من قبل المكاتب بشكل كبير جدا  وبالرغم من وجودها ضمن المستوعب الا ان ارشفة البحوث المنشورة ضمنها متوقفة منذ سنة عام 2021,Commercial
Asian Journal of Metal and Salts,_,https://asianpubs.org/index.php/ajms,,Asian Publication Corporation,_,الناشر للمجلة مفترس مدرج ضمن قائمة بيل للمجلات ودور النشر المفترسة,Commercial
International Journal of Human Computing Studies (IJHCS),2615-8159 2615-1898,https://journals.researchparks.org/index.php/IJHCS,,"Research Parks Publishing, Indonesia",#,المكاتب تروج بشكل كبير جدا لهذه المجلة وتستخدم معامل تاثير مزيف,Commercial
Texas Journal of Agriculture and Biological Sciences,2771-8840,https://zienjournals.com/index.php/tjabs,,_,_,المكاتب تروج بشكل كبير جدا لهذه المجلة وتستخدم معامل تاثير مزيف,Commercial
International Journal of Current Advanced Research,2319-6475 2319-6505,http://www.journalijcar.org/,,_,_,المكاتب تروج بشكل كبير جدا لهذه المجلة وتستخدم معامل تاثير مزيف,Commercial
HIV Nursing,1474-7359,https://hivnursing.net/index.php/hiv,,Mediscript Ltd.,CiteScore 0.4/Q4,المجلة يروج لها بشكل كبير من قبل  مكاتب النشر غير الرصين. مع وجودها ضمن اخر تحديث للمجلات المنضوية في سكوبس الا ان المستوعب حذف ابحاث هذه المجلة للاعوام 2022و 2021
ويبدو خروج المجلة في التحديث القادم شبه مؤكد اي انه مسالة وقت لذا يجب الابتعاد عنها.,Commercial
Indonesian Journal of Electrical Engineering and Computer Science,2502-4752 2502-4760,https://ijeecs.iaescore.com/index.php/IJEECS,,Institute of Advanced Engineering and Science (IAES),CiteScore 2.9/Q2,من المؤشرات على عدم رصانة عملية التحكيم في هذه المجلة  الكثير من الابحاث المنشورة دون المستوى و تفتقر لأبسط الامور الموجودة في ورقة علمية محكمة بشكل يتبع معايير النشر العلمي الرصين وفي سنة 2022 لحد الان كانت الابحاث العراقية مجموعها 315 بحث,Commercial
International Journal of Advanced Multidisciplinary Research and Studies,2583-049X,https://www.multiresearchjournal.com/index.php,,_,_,المكاتب تروج بشكل كبير جدا لهذه المجلة وتستخدم معامل تاثير مزيف,Commercial
Current Research in Geoscience,1948-9846 1948-9854,https://thescipub.com/crg,,Science Publications,_,الناشر للمجلة مفترس مدرج ضمن قائمة بيل للمجلات ودور النشر المفترسة,Commercial
Journal of Advance Research in Social Science and Humanities,2208-2387,https://nnpub.org/index.php/SSH/index,,NN Publication,_,المكاتب تروج بشكل كبير جدا لهذه المجلة وتستخدم معامل تاثير مزيف,Commercial
"Egyptian Academic Journal of Biological Sciences, H. Botany",2090-3812  2090-3820,https://eajbsh.journals.ekb.eg/,,Egyptian Society of Biological Sciences,_,_,Commercial
BiLD Law Journal,2518-6523 2523-1618,https://bildbd.com/index.php/blj,,Bangladesh Institute of Legal Development,CiteScore 0.8/Q3,مكاتب النشر تروج الها بشكل كبير وهي مجلة اهدافها تجارية اذ انها تنشر ابحاث مختلفة عن تخصصها حيث نشرت في عام 2021 تسعة ابحاث اما في عام 2022 ولغاية الان نشرت ما يقارب 246 بحثا  واغلب الباحثين لهذ البحوث كانوا من دول جنوب شرق اسيا والمنطقة العربية وتضمنت 27 بحث من قبل باحثين عراقيين,Commercial
International Journal of Studies in Natural and Medical Sciences,2949-8848 2949-8953,https://scholarsdigest.org/index.php/ijsnms,,Dr. Boris Van Dijk,_,,Commercial
International Journal of Biological and Chemical Sciences (IJBCS),1997-342X 1991-8631,https://www.ajol.info/index.php/ijbcs/about,,African Journals Online (AJOL),_,اسم المجلة ضمن قائمة بيل للمجلات المفترسة,Commercial
Asian Journal of Organic &amp; Medicinal Chemistry,_,https://asianpubs.org/index.php/ajomc,,Asian Publication Corporation,_,الناشر للمجلة مفترس مدرج ضمن قائمة بيل للمجلات ودور النشر المفترسة,Commercial
International Journal of Zoological Investigations (IJZI),2454-3055,http://ijzi.net/,,Saran Publications,Zoological Record (بدون معامل تأثير),المكاتب تروج بشكل كبير جدا لهذه المجلة وتستخدم معامل تاثير مزيف,Commercial
Acta Scientific Nutritional Health,2582-1423,https://actascientific.com/ASNH.php,,Acta Scientific,_,"المكاتب تروج بشكل كبير جدا لهذه المجلة وتستخدم معامل تاثير مزيف , اضافة الى وجود الناشر للمجلة في قائمة بيل للمجلات ودور النشر المفترسة",Commercial
International Journal of Medical Science and Clinical Research Studies,2767-8326 2767-8342,https://ijmscr.org/index.php/ijmscrs/?fbclid=IwAR3C8PWMYsEBMTkmmbfCAs8VYgBsQ5eFNmhwcA7EohTa5tadDQkRE24z7k0_aem_AbGjzLvjrmciCzdZXj9qc5R4yq_i6DREwXiGRf5aj1Hr4m7dBdkNhk8We38B4qF2yTY&amp;mibextid=Zxz2cZ,,International Journal of Advances in Engineering Research,_,المكاتب تروج بشكل كبير جدا لهذه المجلة وتستخدم معامل تاثير مزيف,Commercial
Journal of Medical Pharmaceutical and Allied Sciences,2320-7418,https://jmpas.com/,,Medic Scientific,CiteScore 0.1/Q4,هذه المجلة يتم الترويج لها من قبل المكاتب. المجلة في اخر سنتين قامت بنشر اعداد كبيرة من بحوثها ضمن اعدادها وبشكل غير طبيعي اضافة الى ان هنالك عدد كبير من الابحاث العراقية منشورة فيها مما يثير الشك بخروجها من صفة العلمية الى التجارية في نشرها,Commercial
International Journal of Research in Medical Sciences and Technology (IJRMST),2455-9059,https://ijrmst.com/,,IJRMST PUBLICATION,_,.,Commercial
Journal of Population Therapeutics and Clinical Pharmacology,1198-581X 1710-6222,https://jptcp.com/index.php/jptcp,,Dougmar Publishing Group Inc,CiteScore 1.8/Q3,المجلة يروج لها من قبل المكاتب بشكل كبير جدا وهناك زيادة كبيرة في الابحاث المنشورة فيها,Commercial
Indonesian Journal of Innovation Studies (IJINS),2598-9936,https://ijins.umsida.ac.id/index.php/ijins/IndexingService,,Universitas Muhammadiyah Sidoarjo,_,المكاتب تروج بشكل كبير جدا لهذه المجلة وتستخدم معامل تاثير مزيف,Commercial
Journal of Ethics and Diversity in International Communication,2792-4017,https://openaccessjournals.eu/index.php/jedic,,Open Access Journals incorporations,_,المكاتب تروج بشكل كبير جدا لهذه المجلة وتستخدم معامل تاثير مزيف,Commercial
INTERNATIONAL JOURNAL OF RESEARCH IN SOCIAL SCIENCES &amp; HUMANITIES,2249-4642 2454-4671,https://www.ijrssh.com/about.php,,Academic organisations,_,المكاتب تروج بشكل كبير جدا لهذه المجلة وتستخدم معامل تاثير مزيف,Commercial
International Journal of Advances in Engineering and Emerging Technology (IJAEET),2321-452X,http://erlibrary.org/ijrms.php,,Emerging Research Library (ERL),_,المكاتب تروج بشكل كبير جدا لهذه المجلة وتستخدم معامل تاثير مزيف,Commercial
Journal of Medicinal and Chemical Sciences,2651-4702,https://www.jmchemsci.com/,,Sami Publishing Company,Scopus (Q3),,Commercial
British Journal of Global Ecology and Sustainable Development,2754-9291,https://journalzone.org/index.php/bjgesd/index,,Journal Zone Publishing,_,المكاتب تروج بشكل كبير جدا لهذه المجلة وتستخدم معامل تاثير مزيف,Commercial
INTERNATIONAL JOURNAL OF ECOMEDICAL AND PUBLIC SCIENCES (IJEPS),2707-9333,https://www.ijeps.org/,,_,_,يمنع النشر فيها حسب الاعمام الوزاري بالعدد ج ع /ن/ 3496 في 31/10/2022,Commercial
Multidisciplinary International Journal,2454-8103,https://themijournal.com/,,MIJ PUBLICATION,_,.,Commercial
International Journal of Research in Science and Technology (IJRST),2454-180X,https://ijrst.com/,,IJRST PUBLICATION,_,.,Commercial
Bulletin of Electrical Engineering and Informatics,2089-3191 2302-9285,https://www.beei.org/index.php/EEI,,Institute of Advanced Engineering and Science (IAES),CiteScore 3.0/Q2,من المؤشرات على عدم رصانة عملية التحكيم في هذه المجلة  الكثير من الابحاث المنشورة دون المستوى و تفتقر لأبسط الامور الموجودة في ورقة علمية محكمة بشكل يتبع معايير النشر العلمي الرصين وفي سنة 2022 لحد الان كانت الابحاث العراقية مجموعها 198 بحث,Commercial
International Journal of Pharmaceutical Sciences and Medicine (IJPSM),2519-9889,https://ijpsm.com/,,_,_,المكاتب تروج بشكل كبير جدا لهذه المجلة وتستخدم معامل تاثير مزيف_,Commercial
Current Research in Bioinformatics,2524-2172 2524-2180,https://thescipub.com/crb,,Science Publications,_,الناشر للمجلة مفترس مدرج ضمن قائمة بيل للمجلات ودور النشر المفترسة,Commercial
Egyptian academic journal of biological sciences. g microbiology,2090-0872 2090-0880,https://eajbsg.journals.ekb.eg/,,Egyptian Society of Biological Sciences,_,_,Commercial
Military Medical Science Letters (Vojenske Zdravotnicke Listy),0372-7025 2571-113X,https://mmsl.cz/,,Vojenska Lekarska Akademie,Scopus (Q3),.,Commercial
International Journal on Technical and Physical Problems of Engineering,2077-3528,http://www.iotpe.com/IJTPE/FormatOfPapers.html,,International Organization on Technical and Physical Problems of Engineering,CiteScore 1.2/Q3,المكاتب تروج بشكل كبير جدا لهذه المجلة وهناك زيادة في الابحاث المنشورة,Commercial
History of Medicine,2500-2910 2409-5834,https://historymedjournal.com/,,I.M. Sechenov First Moscow State Medical University,CiteScore 0.4/Q2,"من المجلات التي يروج لها من قبل المكاتب بشكل كبير وتضمن عدد المجلة الاخير على نسبة كبيرة من بحوثه على باحثين عراقيين اذ كان 4 بحوث من اصل 5 لباحثين من العراق, يجب الحذر منها كون انتاجية النشر لها غير متكافئة العدد وكذلك كونها لم تنشر اي عدد في سنة 2023 لذلك فهي تقع ضمن صفة المراقبة والحيطة من ارسال البحث لها",Commercial
Research journal of pharmacy and technology,09743618 0974360X,#,,_,_,يمنع النشر فيها حسب الاعمام الوزاري بالعدد ج ع /ن/ 3496 في 31/10/2022,Commercial
Mathematical Statistician and Engineering Applications,2094-0343,https://www.philstat.org.ph/index.php/MSEA/,,Mathematical and Research Society,0.1/Q4,هذه المجلة يتم الترويج لها من قبل المكاتب بشكل كبير جدا  وبالرغم من كونها لازالت مستمرة في سكوباس الا ان ارشفة البحوث المقبولة ضمنها متوقفة منذ عام 2021,Commercial
Journal of Wildlife and Biodiversity,2588-3526,https://www.wildlife-biodiversity.com/index.php/jwb,,Arak University,CiteScore 0.0/Q4 // WoS (ESCI),_,Commercial
"Egyptian Academic Journal of Biological Sciences, E. Medical Entomology &amp; Parasitology",2090-0783  2090-0856,https://eajbse.journals.ekb.eg/,,Egyptian Society of Biological Sciences,_,_,Commercial
Eurasian Journal of Engineering and Technology,2795-7640,https://geniusjournals.org/index.php/ejet,,Genius journals publishing group,_,المكاتب تروج بشكل كبير جدا لهذه المجلة وتستخدم معامل تاثير مزيف,Commercial
Journal of Survey in Fisheries Sciences,2368-7487,http://sifisheriessciences.com/index.php/journal/index,,Green Wave Publishing of Canada,CiteScore 1.0/Q3,المجلة تروج لها المكاتب بشكل كبير اضافة الى تخفيض اسعار النشر فيها كما تتداوله المكاتب لذا فهي مجلة هدفها تجاري ولا رصانة في سيرتها ونشرها العلمي,Commercial
International Journal of Aquatic Science (IJAB),2383-0956 2322-5270,https://www.journal-aquaticscience.com/,,UNIVERSITY OF TEHRAN,_,المكاتب تروج بشكل كبير جدا لهذه المجلة وتستخدم معامل تاثير مزيف,Commercial
Global Scientific and Academic Research Journal of Biosciences,_,https://gsarpublishers.com/global-scientific-and-academic-research-journal-of-biosciences/,,GSAR Publishers,_,المكاتب تروج بشكل كبير جدا لهذه المجلة وتستخدم معامل تاثير مزيف,Commercial
